{
  "slot_range": [
    32,
    256
  ],
  "mean": [
    0.23071432974746475,
    0.39750172274357204,
    0.23102567177843872,
    0.3780819439993888,
    0.4569827389944298,
    0.3513188220035106,
    0.12359017929350835,
    0.3486273044937823,
    0.15724875562676505,
    0.32604523689631504,
    0.4189110276951259,
    0.29535318532082144,
    0.01304943007553238,
    0.16385650720988862,
    0.01639667048142245,
    0.11909919279774342,
    0.2872055725947975,
    0.11871378347448101,
    0.240152208743421,
    0.3752649271381699,
    0.23097756008239903,
    0.5069612451361882,
    0.4621061905851847,
    0.44418410009918563,
    0.15408207827878403,
    0.35848374151216983,
    0.16445333333333384,
    0.07713157244220725,
    0.28543865110246486,
    0.11156315861753467,
    0.0876161043717109,
    0.3181700312809954,
    0.12404777904936463,
    0.12559668879225042,
    0.2951515556572823,
    0.13047867246509676,
    0.2835767818722832,
    0.4027409842069132,
    0.26925426413366965,
    0.2138428534370958,
    0.37882087434195477,
    0.21943931639582015,
    0.11794534828717658,
    0.3321669275959407,
    0.14398113374532762,
    0.3905375020981152,
    0.3977076615548952,
    0.3314376104371705,
    0.2980942580300622,
    0.2979116411078054,
    0.33684841992828357,
    0.3417611993591222,
    0.2626029724574662,
    0.2615958587014583,
    0.31911796139467613,
    0.3207770840009171,
    0.1112206759746705,
    0.11418168001831165,
    0.2125839291981396,
    0.21311530632486578,
    0.2847037888151377,
    0.27329654383154145,
    0.35811838864728807,
    0.34892953688868555,
    0.2672597146562911,
    0.26899540703440994,
    0.2042822858014813,
    0.20764074464027002,
    0.24045162432288184,
    0.23365261310750016,
    0.2361522087434208,
    0.22752444647898173,
    0.8149754512855557,
    0.82661687953002,
    0.7958589913786437,
    0.8033294514381658,
    0.7976567788204595,
    0.8076081330586797,
    0.7968156282902329,
    0.8058695353627676,
    0.7899490379186495,
    0.8037067338063402,
    0.7922849408712759,
    0.8010592721446649,
    0.7929296345464025,
    0.8016662821393064,
    0.7936851514457853,
    0.8020160891127132,
    0.799129204242022,
    0.8070980056458766,
    0.8021118211642659,
    0.8189065629053017,
    0.8019715022506911,
    0.8178630746929094,
    0.5362518379491872,
    0.4957775020981171,
    0.8271993987945392,
    0.34068945754177116,
    0.7118672312504776,
    0.07659949034866952,
    0.7994206332493708,
    0.13889216754406208,
    0.5807879453726927,
    0.28337335469595815,
    0.5193137743190827,
    0.9509499565117921,
    0.10628235294117758,
    0.6879632166018195,
    0.919267002365151,
    0.020720097657741243,
    0.34312869764248066,
    0.507023730830862,
    0.09758835431448916,
    0.067200286869614,
    0.8840259678034712,
    0.7433740047302952,
    0.03594198519874904,
    0.207264097047384,
    0.7846157778286524,
    0.14943940794995153,
    0.3702447608148395,
    0.8207272755016404,
    0.6060069611657779,
    0.15673093766689816,
    0.9673580682078373,
    0.7892869123369305,
    0.5660580941481402,
    0.42486134431984157,
    0.5130425696192891,
    0.5703960357061079,
    0.6868231509879785,
    0.6612426459143911,
    0.25847233081559573,
    0.1497193713282989,
    0.2600268131532779,
    0.07859776302739133,
    0.7793723842221585,
    0.0801579430838509,
    0.3890861066605632,
    0.25642574196994067,
    0.000679404898146028,
    0.8277691157396799,
    0.3190303501945531,
    0.7005427634088642,
    0.5376680308232249,
    0.784636157778285,
    0.11412802929732312,
    0.827089710841534,
    0.8886000000000284,
    0.05079457389181462,
    0.2165600000000165,
    0.3626018829633005,
    0.0,
    0.5523199999999839,
    0.8428344213016035,
    0.5439006363012114,
    0.26699755245289186,
    0.4376737376974303,
    0.5305271503776621,
    0.050014367895017876,
    0.8339113969634651,
    0.17602994430456978,
    0.5784950820172456,
    0.09094778973067813,
    0.4659360097657764,
    0.5272488746471334,
    0.2297351735713755,
    0.3426198855573356,
    0.22061527428092345,
    0.8071505729762745,
    0.4668666239414091,
    0.0,
    0.0,
    0.8850140291447364,
    0.040850070954452096,
    0.9491549492637705,
    0.0,
    0.15646255893797523,
    0.8351198168917355,
    0.48567062180515025,
    0.714892460517279,
    0.8130464576180658,
    0.0202,
    0.8590584817272782,
    0.5920257907988067,
    0.5616820691233696,
    0.54001636072328,
    0.02518240329594935,
    0.789408581673913,
    0.30285943083848293,
    0.5740384039063079,
    0.6971405691615169,
    0.5550253452353728,
    0.9444636850537889,
    0.6027262439917626,
    0.6964305241474054,
    0.08392414129854336,
    0.06929897917143615,
    0.7686000152590226,
    0.7102696818493932,
    0.43957113603418063,
    0.7072331944762351,
    0.5465597619592547,
    0.7787153978789897,
    0.6657416342412499,
    0.9102927595941003,
    0.6834474830243423,
    0.7328136842908263,
    0.6585943968871331,
    0.9169691584649485,
    0.26718631570916684,
    0.9873561089494098,
    0.7183744289311347,
    0.9148683634699007,
    0.7969209857328218,
    0.64996103150988,
    0.2896913710231177,
    0.5396154848554137,
    0.8337354146639185,
    0.784319072251469,
    0.7103086289768785,
    0.956401165789285,
    0.8836015136949676,
    0.7125228778515311
  ]
}