{
  "chain": {
    "n": 3566,
    "total_trace": 3.954584129352304,
    "eigenvalues_top10": [
      0.8118511898052778,
      0.41336382380104547,
      0.3133118928413366,
      0.17892877469404048,
      0.13132630809661017,
      0.1225520216474905,
      0.11049539867832307,
      0.10891579685087818,
      0.0933179373453959,
      0.09248106234087869
    ],
    "cumulative_shares_top10": [
      0.20529369543043346,
      0.3098214561962027,
      0.3890489761055217,
      0.43429489042707287,
      0.4675035171248489,
      0.4984933804426796,
      0.5264344723664012,
      0.5539761286539656,
      0.5775735372038957,
      0.6009593242590886
    ],
    "cumulative_shares_at": {
      "k1": 0.20529369543043346,
      "k5": 0.4675035171248489,
      "k10": 0.6009593242590886,
      "k20": 0.7409754920611439,
      "k30": 0.8162676470742227,
      "k50": 0.8953189535947581,
      "k100": 0.9773103136488598
    },
    "K_50": 7,
    "K_80": 28,
    "K_90": 52,
    "K_95": 78,
    "K_99": null,
    "participation_ratio": 13.79110989375963,
    "stable_rank": 4.871070189970171,
    "top3_share": 0.3890489761055217,
    "top10_share": 0.6009593242590886,
    "top30_share": 0.8162676470742227
  },
  "random": {
    "n": 5000,
    "total_trace": 3.6081194264168746,
    "eigenvalues_top10": [
      0.8983744802233669,
      0.3960563615314657,
      0.18324250063950626,
      0.13680965372571743,
      0.12870101590060673,
      0.10528534002398368,
      0.0900905248759449,
      0.08761299624857541,
      0.0778422588241824,
      0.0764867632203845
    ],
    "cumulative_shares_top10": [
      0.24898690260802098,
      0.35875498806321293,
      0.4095411397903134,
      0.4474583031536058,
      0.4831281357423836,
      0.5123082508054095,
      0.5372770819966242,
      0.5615592594675571,
      0.5831334507912311,
      0.6043319628638598
    ],
    "cumulative_shares_at": {
      "k1": 0.24898690260802098,
      "k5": 0.4831281357423836,
      "k10": 0.6043319628638598,
      "k20": 0.7536589609591197,
      "k30": 0.8280043903417139,
      "k50": 0.9038632015972471,
      "k100": 0.9840616940324423
    },
    "K_50": 6,
    "K_80": 26,
    "K_90": 49,
    "K_95": 72,
    "K_99": null,
    "participation_ratio": 11.305682439260828,
    "stable_rank": 4.01627551299072,
    "top3_share": 0.4095411397903134,
    "top10_share": 0.6043319628638598,
    "top30_share": 0.8280043903417139
  },
  "random_projection_sweep": [
    {
      "k": 5,
      "variance_preserved": 0.9555612442760306
    },
    {
      "k": 10,
      "variance_preserved": 0.8363775716289608
    },
    {
      "k": 20,
      "variance_preserved": 1.0012016684390417
    },
    {
      "k": 30,
      "variance_preserved": 0.9439592160694839
    },
    {
      "k": 50,
      "variance_preserved": 0.9607058834875641
    },
    {
      "k": 100,
      "variance_preserved": 0.9929387898519818
    },
    {
      "k": 200,
      "variance_preserved": 0.9691722710735858
    }
  ]
}